"filename", "language", "Python", "Markdown", "CSV", "Django txt", "JSON", "Ini", "comment", "blank", "total"
"c:\Users\shado\Desktop\Desktop\Documents\ComputerProgramme\Code\WebBackend\.VSCodeCounter\2022-01-22_13-03-52\details.md", "Markdown", 0, 273, 0, 0, 0, 0, 0, 6, 279
"c:\Users\shado\Desktop\Desktop\Documents\ComputerProgramme\Code\WebBackend\.VSCodeCounter\2022-01-22_13-03-52\diff-details.md", "Markdown", 0, 72, 0, 0, 0, 0, 0, 6, 78
"c:\Users\shado\Desktop\Desktop\Documents\ComputerProgramme\Code\WebBackend\.VSCodeCounter\2022-01-22_13-03-52\diff.csv", "CSV", 0, 0, 65, 0, 0, 0, 0, 0, 65
"c:\Users\shado\Desktop\Desktop\Documents\ComputerProgramme\Code\WebBackend\.VSCodeCounter\2022-01-22_13-03-52\diff.md", "Markdown", 0, 29, 0, 0, 0, 0, 0, 7, 36
"c:\Users\shado\Desktop\Desktop\Documents\ComputerProgramme\Code\WebBackend\.VSCodeCounter\2022-01-22_13-03-52\diff.txt", "Django txt", 0, 0, 0, 99, 0, 0, 0, 3, 102
"c:\Users\shado\Desktop\Desktop\Documents\ComputerProgramme\Code\WebBackend\.VSCodeCounter\2022-01-22_13-03-52\results.csv", "CSV", 0, 0, 266, 0, 0, 0, 0, 0, 266
"c:\Users\shado\Desktop\Desktop\Documents\ComputerProgramme\Code\WebBackend\.VSCodeCounter\2022-01-22_13-03-52\results.json", "JSON", 0, 0, 0, 0, 1, 0, 0, 0, 1
"c:\Users\shado\Desktop\Desktop\Documents\ComputerProgramme\Code\WebBackend\.VSCodeCounter\2022-01-22_13-03-52\results.md", "Markdown", 0, 39, 0, 0, 0, 0, 0, 7, 46
"c:\Users\shado\Desktop\Desktop\Documents\ComputerProgramme\Code\WebBackend\.VSCodeCounter\2022-01-22_13-03-52\results.txt", "Django txt", 0, 0, 0, 310, 0, 0, 0, 3, 313
"c:\Users\shado\Desktop\Desktop\Documents\ComputerProgramme\Code\WebBackend\.history\Api\ModelUser_20220114163603.py", "Python", -59, 0, 0, 0, 0, 0, -12, -26, -97
"c:\Users\shado\Desktop\Desktop\Documents\ComputerProgramme\Code\WebBackend\.history\Api\ModelUser_20220114165536.py", "Python", -59, 0, 0, 0, 0, 0, -12, -26, -97
"c:\Users\shado\Desktop\Desktop\Documents\ComputerProgramme\Code\WebBackend\.history\Api\__init___20220113153537.py", "Python", 0, 0, 0, 0, 0, 0, 0, -1, -1
"c:\Users\shado\Desktop\Desktop\Documents\ComputerProgramme\Code\WebBackend\.history\Api\__init___20220113154538.py", "Python", 0, 0, 0, 0, 0, 0, -12, -1, -13
"c:\Users\shado\Desktop\Desktop\Documents\ComputerProgramme\Code\WebBackend\.history\Api\test_20220114163706.py", "Python", 0, 0, 0, 0, 0, 0, 0, -1, -1
"c:\Users\shado\Desktop\Desktop\Documents\ComputerProgramme\Code\WebBackend\.history\Api\test_20220114164708.py", "Python", -13, 0, 0, 0, 0, 0, -12, -3, -28
"c:\Users\shado\Desktop\Desktop\Documents\ComputerProgramme\Code\WebBackend\.history\Api\test_20220114165850.py", "Python", -16, 0, 0, 0, 0, 0, -12, -3, -31
"c:\Users\shado\Desktop\Desktop\Documents\ComputerProgramme\Code\WebBackend\.history\Core\Settings_20220113232928.py", "Python", 0, 0, 0, 0, 0, 0, 0, -1, -1
"c:\Users\shado\Desktop\Desktop\Documents\ComputerProgramme\Code\WebBackend\.history\Core\Settings_20220113233930.py", "Python", -11, 0, 0, 0, 0, 0, -13, -2, -26
"c:\Users\shado\Desktop\Desktop\Documents\ComputerProgramme\Code\WebBackend\.history\Core\Settings_20220114020901.py", "Python", -12, 0, 0, 0, 0, 0, -13, -2, -27
"c:\Users\shado\Desktop\Desktop\Documents\ComputerProgramme\Code\WebBackend\.history\Core\Settings_20220114172106.py", "Python", -11, 0, 0, 0, 0, 0, -13, -2, -26
"c:\Users\shado\Desktop\Desktop\Documents\ComputerProgramme\Code\WebBackend\.history\Core\Settings_20220114202508.py", "Python", -11, 0, 0, 0, 0, 0, -13, -2, -26
"c:\Users\shado\Desktop\Desktop\Documents\ComputerProgramme\Code\WebBackend\.history\Core\Settings_20220114203530.py", "Python", -11, 0, 0, 0, 0, 0, -13, -2, -26
"c:\Users\shado\Desktop\Desktop\Documents\ComputerProgramme\Code\WebBackend\.history\Core\__init___20220113153526.py", "Python", 0, 0, 0, 0, 0, 0, 0, -1, -1
"c:\Users\shado\Desktop\Desktop\Documents\ComputerProgramme\Code\WebBackend\.history\Core\__init___20220113154528.py", "Python", 0, 0, 0, 0, 0, 0, -12, -1, -13
"c:\Users\shado\Desktop\Desktop\Documents\ComputerProgramme\Code\WebBackend\.history\EquipmentModel_20220113232151.py", "Python", 0, 0, 0, 0, 0, 0, 0, -1, -1
"c:\Users\shado\Desktop\Desktop\Documents\ComputerProgramme\Code\WebBackend\.history\Model\CoursePlanModel_20220113231944.py", "Python", 0, 0, 0, 0, 0, 0, 0, -1, -1
"c:\Users\shado\Desktop\Desktop\Documents\ComputerProgramme\Code\WebBackend\.history\Model\CoursePlanModel_20220113232946.py", "Python", 0, 0, 0, 0, 0, 0, -12, -1, -13
"c:\Users\shado\Desktop\Desktop\Documents\ComputerProgramme\Code\WebBackend\.history\Model\CoursePlanModel_20220114012837.py", "Python", -14, 0, 0, 0, 0, 0, -12, -2, -28
"c:\Users\shado\Desktop\Desktop\Documents\ComputerProgramme\Code\WebBackend\.history\Model\CurriculaModel_20220113232107.py", "Python", 0, 0, 0, 0, 0, 0, 0, -1, -1
"c:\Users\shado\Desktop\Desktop\Documents\ComputerProgramme\Code\WebBackend\.history\Model\CurriculaModel_20220113233109.py", "Python", 0, 0, 0, 0, 0, 0, -12, -1, -13
"c:\Users\shado\Desktop\Desktop\Documents\ComputerProgramme\Code\WebBackend\.history\Model\CurriculaModel_20220114012844.py", "Python", -45, 0, 0, 0, 0, 0, -12, -3, -60
"c:\Users\shado\Desktop\Desktop\Documents\ComputerProgramme\Code\WebBackend\.history\Model\DepartmentModel_20220113232136.py", "Python", 0, 0, 0, 0, 0, 0, 0, -1, -1
"c:\Users\shado\Desktop\Desktop\Documents\ComputerProgramme\Code\WebBackend\.history\Model\DepartmentModel_20220113233138.py", "Python", 0, 0, 0, 0, 0, 0, -12, -1, -13
"c:\Users\shado\Desktop\Desktop\Documents\ComputerProgramme\Code\WebBackend\.history\Model\DepartmentModel_20220114012845.py", "Python", -24, 0, 0, 0, 0, 0, -12, -3, -39
"c:\Users\shado\Desktop\Desktop\Documents\ComputerProgramme\Code\WebBackend\.history\Model\EquipmentModel_20220113232158.py", "Python", 0, 0, 0, 0, 0, 0, -12, -1, -13
"c:\Users\shado\Desktop\Desktop\Documents\ComputerProgramme\Code\WebBackend\.history\Model\EquipmentModel_20220114012851.py", "Python", -50, 0, 0, 0, 0, 0, -12, -5, -67
"c:\Users\shado\Desktop\Desktop\Documents\ComputerProgramme\Code\WebBackend\.history\Model\LocationModel_20220113232220.py", "Python", 0, 0, 0, 0, 0, 0, 0, -1, -1
"c:\Users\shado\Desktop\Desktop\Documents\ComputerProgramme\Code\WebBackend\.history\Model\LocationModel_20220113233222.py", "Python", 0, 0, 0, 0, 0, 0, -12, -1, -13
"c:\Users\shado\Desktop\Desktop\Documents\ComputerProgramme\Code\WebBackend\.history\Model\LocationModel_20220114012851.py", "Python", -14, 0, 0, 0, 0, 0, -12, -2, -28
"c:\Users\shado\Desktop\Desktop\Documents\ComputerProgramme\Code\WebBackend\.history\Model\LocationModel_20220114015230.py", "Python", -59, 0, 0, 0, 0, 0, -12, -7, -78
"c:\Users\shado\Desktop\Desktop\Documents\ComputerProgramme\Code\WebBackend\.history\Model\MmxModel_20220113232245.py", "Python", 0, 0, 0, 0, 0, 0, 0, -1, -1
"c:\Users\shado\Desktop\Desktop\Documents\ComputerProgramme\Code\WebBackend\.history\Model\MmxModel_20220113233247.py", "Python", 0, 0, 0, 0, 0, 0, -12, -1, -13
"c:\Users\shado\Desktop\Desktop\Documents\ComputerProgramme\Code\WebBackend\.history\Model\MmxModel_20220114012858.py", "Python", -14, 0, 0, 0, 0, 0, -12, -2, -28
"c:\Users\shado\Desktop\Desktop\Documents\ComputerProgramme\Code\WebBackend\.history\Model\MmxModel_20220114015243.py", "Python", -33, 0, 0, 0, 0, 0, -12, -7, -52
"c:\Users\shado\Desktop\Desktop\Documents\ComputerProgramme\Code\WebBackend\.history\Model\MmxModel_20220114020901.py", "Python", -34, 0, 0, 0, 0, 0, -12, -7, -53
"c:\Users\shado\Desktop\Desktop\Documents\ComputerProgramme\Code\WebBackend\.history\Model\ModelCoursePlan_20220114020111.py", "Python", -40, 0, 0, 0, 0, 0, -12, -1, -53
"c:\Users\shado\Desktop\Desktop\Documents\ComputerProgramme\Code\WebBackend\.history\Model\ModelCoursePlan_20220114130423.py", "Python", -37, 0, 0, 0, 0, 0, -12, -2, -51
"c:\Users\shado\Desktop\Desktop\Documents\ComputerProgramme\Code\WebBackend\.history\Model\ModelCurricula_20220114020142.py", "Python", -39, 0, 0, 0, 0, 0, -12, -3, -54
"c:\Users\shado\Desktop\Desktop\Documents\ComputerProgramme\Code\WebBackend\.history\Model\ModelCurricula_20220114131301.py", "Python", -37, 0, 0, 0, 0, 0, -12, -3, -52
"c:\Users\shado\Desktop\Desktop\Documents\ComputerProgramme\Code\WebBackend\.history\Model\ModelDepartment_20220114020435.py", "Python", -20, 0, 0, 0, 0, 0, -12, -4, -36
"c:\Users\shado\Desktop\Desktop\Documents\ComputerProgramme\Code\WebBackend\.history\Model\ModelDepartment_20220114021616.py", "Python", -19, 0, 0, 0, 0, 0, -12, -4, -35
"c:\Users\shado\Desktop\Desktop\Documents\ComputerProgramme\Code\WebBackend\.history\Model\ModelDepartment_20220114131547.py", "Python", -18, 0, 0, 0, 0, 0, -12, -5, -35
"c:\Users\shado\Desktop\Desktop\Documents\ComputerProgramme\Code\WebBackend\.history\Model\ModelEquipment_20220114020631.py", "Python", -43, 0, 0, 0, 0, 0, -12, -3, -58
"c:\Users\shado\Desktop\Desktop\Documents\ComputerProgramme\Code\WebBackend\.history\Model\ModelEquipment_20220114131621.py", "Python", -42, 0, 0, 0, 0, 0, -12, -4, -58
"c:\Users\shado\Desktop\Desktop\Documents\ComputerProgramme\Code\WebBackend\.history\Model\ModelLocation_20220114020806.py", "Python", -46, 0, 0, 0, 0, 0, -12, -8, -66
"c:\Users\shado\Desktop\Desktop\Documents\ComputerProgramme\Code\WebBackend\.history\Model\ModelLocation_20220114133915.py", "Python", -45, 0, 0, 0, 0, 0, -12, -7, -64
"c:\Users\shado\Desktop\Desktop\Documents\ComputerProgramme\Code\WebBackend\.history\Model\ModelMmx_20220114020938.py", "Python", -22, 0, 0, 0, 0, 0, -12, -10, -44
"c:\Users\shado\Desktop\Desktop\Documents\ComputerProgramme\Code\WebBackend\.history\Model\ModelMmx_20220114133906.py", "Python", -21, 0, 0, 0, 0, 0, -12, -7, -40
"c:\Users\shado\Desktop\Desktop\Documents\ComputerProgramme\Code\WebBackend\.history\Model\ModelRunningAccount_20220114020956.py", "Python", -30, 0, 0, 0, 0, 0, -12, -3, -45
"c:\Users\shado\Desktop\Desktop\Documents\ComputerProgramme\Code\WebBackend\.history\Model\ModelTableInformation_20220114021006.py", "Python", -26, 0, 0, 0, 0, 0, -12, -3, -41
"c:\Users\shado\Desktop\Desktop\Documents\ComputerProgramme\Code\WebBackend\.history\Model\ModelTypera_20220114021016.py", "Python", -25, 0, 0, 0, 0, 0, -12, -3, -40
"c:\Users\shado\Desktop\Desktop\Documents\ComputerProgramme\Code\WebBackend\.history\Model\ModelTypera_20220114133350.py", "Python", -18, 0, 0, 0, 0, 0, -12, -5, -35
"c:\Users\shado\Desktop\Desktop\Documents\ComputerProgramme\Code\WebBackend\.history\Model\ModelTypera_20220114151328.py", "Python", -18, 0, 0, 0, 0, 0, -12, -5, -35
"c:\Users\shado\Desktop\Desktop\Documents\ComputerProgramme\Code\WebBackend\.history\Model\ModelUser_20220114021026.py", "Python", -75, 0, 0, 0, 0, 0, -12, -22, -109
"c:\Users\shado\Desktop\Desktop\Documents\ComputerProgramme\Code\WebBackend\.history\Model\ModelUser_20220114133455.py", "Python", -57, 0, 0, 0, 0, 0, -12, -26, -95
"c:\Users\shado\Desktop\Desktop\Documents\ComputerProgramme\Code\WebBackend\.history\Model\ModelUser_20220114135838.py", "Python", -58, 0, 0, 0, 0, 0, -12, -26, -96
"c:\Users\shado\Desktop\Desktop\Documents\ComputerProgramme\Code\WebBackend\.history\Model\ModelUser_20220114150617.py", "Python", -58, 0, 0, 0, 0, 0, -12, -26, -96
"c:\Users\shado\Desktop\Desktop\Documents\ComputerProgramme\Code\WebBackend\.history\Model\ModelUser_20220114152834.py", "Python", -59, 0, 0, 0, 0, 0, -12, -26, -97
"c:\Users\shado\Desktop\Desktop\Documents\ComputerProgramme\Code\WebBackend\.history\Model\ModelUser_20220114154409.py", "Python", -59, 0, 0, 0, 0, 0, -12, -26, -97
"c:\Users\shado\Desktop\Desktop\Documents\ComputerProgramme\Code\WebBackend\.history\Model\ModelUser_20220114163703.py", "Python", -59, 0, 0, 0, 0, 0, -12, -26, -97
"c:\Users\shado\Desktop\Desktop\Documents\ComputerProgramme\Code\WebBackend\.history\Model\ORM_20220114021643.py", "Python", -15, 0, 0, 0, 0, 0, -12, -2, -29
"c:\Users\shado\Desktop\Desktop\Documents\ComputerProgramme\Code\WebBackend\.history\Model\ORM_20220114133853.py", "Python", -14, 0, 0, 0, 0, 0, -12, -1, -27
"c:\Users\shado\Desktop\Desktop\Documents\ComputerProgramme\Code\WebBackend\.history\Model\Public_20220113232259.py", "Python", 0, 0, 0, 0, 0, 0, 0, -1, -1
"c:\Users\shado\Desktop\Desktop\Documents\ComputerProgramme\Code\WebBackend\.history\Model\Public_20220113233301.py", "Python", 0, 0, 0, 0, 0, 0, -12, -1, -13
"c:\Users\shado\Desktop\Desktop\Documents\ComputerProgramme\Code\WebBackend\.history\Model\Public_20220114012905.py", "Python", -14, 0, 0, 0, 0, 0, -12, -2, -28
"c:\Users\shado\Desktop\Desktop\Documents\ComputerProgramme\Code\WebBackend\.history\Model\Public_20220114015625.py", "Python", -26, 0, 0, 0, 0, 0, -12, -2, -40
"c:\Users\shado\Desktop\Desktop\Documents\ComputerProgramme\Code\WebBackend\.history\Model\Public_20220114020639.py", "Python", -29, 0, 0, 0, 0, 0, -12, -2, -43
"c:\Users\shado\Desktop\Desktop\Documents\ComputerProgramme\Code\WebBackend\.history\Model\Public_20220114130205.py", "Python", -29, 0, 0, 0, 0, 0, -12, -2, -43
"c:\Users\shado\Desktop\Desktop\Documents\ComputerProgramme\Code\WebBackend\.history\Model\Public_20220114131210.py", "Python", -29, 0, 0, 0, 0, 0, -12, -2, -43
"c:\Users\shado\Desktop\Desktop\Documents\ComputerProgramme\Code\WebBackend\.history\Model\Public_20220114134734.py", "Python", -31, 0, 0, 0, 0, 0, -12, -3, -46
"c:\Users\shado\Desktop\Desktop\Documents\ComputerProgramme\Code\WebBackend\.history\Model\Public_20220114143848.py", "Python", -30, 0, 0, 0, 0, 0, -12, -3, -45
"c:\Users\shado\Desktop\Desktop\Documents\ComputerProgramme\Code\WebBackend\.history\Model\Public_20220114144848.py", "Python", -32, 0, 0, 0, 0, 0, -12, -5, -49
"c:\Users\shado\Desktop\Desktop\Documents\ComputerProgramme\Code\WebBackend\.history\Model\Public_20220114145921.py", "Python", -28, 0, 0, 0, 0, 0, -12, -3, -43
"c:\Users\shado\Desktop\Desktop\Documents\ComputerProgramme\Code\WebBackend\.history\Model\Public_20220114151709.py", "Python", -69, 0, 0, 0, 0, 0, -12, -9, -90
"c:\Users\shado\Desktop\Desktop\Documents\ComputerProgramme\Code\WebBackend\.history\Model\Public_20220114153240.py", "Python", -78, 0, 0, 0, 0, 0, -12, -10, -100
"c:\Users\shado\Desktop\Desktop\Documents\ComputerProgramme\Code\WebBackend\.history\Model\Public_20220114154434.py", "Python", -78, 0, 0, 0, 0, 0, -12, -11, -101
"c:\Users\shado\Desktop\Desktop\Documents\ComputerProgramme\Code\WebBackend\.history\Model\Public_20220114155623.py", "Python", -78, 0, 0, 0, 0, 0, -13, -10, -101
"c:\Users\shado\Desktop\Desktop\Documents\ComputerProgramme\Code\WebBackend\.history\Model\Public_20220114160721.py", "Python", -78, 0, 0, 0, 0, 0, -13, -10, -101
"c:\Users\shado\Desktop\Desktop\Documents\ComputerProgramme\Code\WebBackend\.history\Model\Public_20220114163323.py", "Python", -81, 0, 0, 0, 0, 0, -13, -13, -107
"c:\Users\shado\Desktop\Desktop\Documents\ComputerProgramme\Code\WebBackend\.history\Model\Public_20220114164326.py", "Python", -80, 0, 0, 0, 0, 0, -13, -12, -105
"c:\Users\shado\Desktop\Desktop\Documents\ComputerProgramme\Code\WebBackend\.history\Model\Public_20220114170143.py", "Python", -78, 0, 0, 0, 0, 0, -12, -10, -100
"c:\Users\shado\Desktop\Desktop\Documents\ComputerProgramme\Code\WebBackend\.history\Model\RunningAccountModel_20220113232314.py", "Python", 0, 0, 0, 0, 0, 0, 0, -1, -1
"c:\Users\shado\Desktop\Desktop\Documents\ComputerProgramme\Code\WebBackend\.history\Model\RunningAccountModel_20220113233316.py", "Python", 0, 0, 0, 0, 0, 0, -12, -1, -13
"c:\Users\shado\Desktop\Desktop\Documents\ComputerProgramme\Code\WebBackend\.history\Model\RunningAccountModel_20220114012907.py", "Python", -14, 0, 0, 0, 0, 0, -12, -2, -28
"c:\Users\shado\Desktop\Desktop\Documents\ComputerProgramme\Code\WebBackend\.history\Model\RunningAccountModel_20220114015256.py", "Python", -29, 0, 0, 0, 0, 0, -12, -3, -44
"c:\Users\shado\Desktop\Desktop\Documents\ComputerProgramme\Code\WebBackend\.history\Model\RunningAccountModel_20220114020901.py", "Python", -30, 0, 0, 0, 0, 0, -12, -3, -45
"c:\Users\shado\Desktop\Desktop\Documents\ComputerProgramme\Code\WebBackend\.history\Model\Session_20220114011754.py", "Python", 0, 0, 0, 0, 0, 0, 0, -1, -1
"c:\Users\shado\Desktop\Desktop\Documents\ComputerProgramme\Code\WebBackend\.history\Model\Session_20220114012756.py", "Python", -19, 0, 0, 0, 0, 0, -12, -3, -34
"c:\Users\shado\Desktop\Desktop\Documents\ComputerProgramme\Code\WebBackend\.history\Model\Session_20220114020901.py", "Python", -20, 0, 0, 0, 0, 0, -12, -3, -35
"c:\Users\shado\Desktop\Desktop\Documents\ComputerProgramme\Code\WebBackend\.history\Model\Session_20220114133824.py", "Python", -19, 0, 0, 0, 0, 0, -12, -4, -35
"c:\Users\shado\Desktop\Desktop\Documents\ComputerProgramme\Code\WebBackend\.history\Model\Session_20220114171057.py", "Python", -19, 0, 0, 0, 0, 0, -12, -3, -34
"c:\Users\shado\Desktop\Desktop\Documents\ComputerProgramme\Code\WebBackend\.history\Model\TableInformationModel_20220113232327.py", "Python", 0, 0, 0, 0, 0, 0, 0, -1, -1
"c:\Users\shado\Desktop\Desktop\Documents\ComputerProgramme\Code\WebBackend\.history\Model\TableInformationModel_20220113233329.py", "Python", 0, 0, 0, 0, 0, 0, -12, -1, -13
"c:\Users\shado\Desktop\Desktop\Documents\ComputerProgramme\Code\WebBackend\.history\Model\TableInformationModel_20220114012910.py", "Python", -14, 0, 0, 0, 0, 0, -12, -2, -28
"c:\Users\shado\Desktop\Desktop\Documents\ComputerProgramme\Code\WebBackend\.history\Model\TableInformationModel_20220114015309.py", "Python", -25, 0, 0, 0, 0, 0, -12, -3, -40
"c:\Users\shado\Desktop\Desktop\Documents\ComputerProgramme\Code\WebBackend\.history\Model\TableInformationModel_20220114020901.py", "Python", -26, 0, 0, 0, 0, 0, -12, -3, -41
"c:\Users\shado\Desktop\Desktop\Documents\ComputerProgramme\Code\WebBackend\.history\Model\TyperaModel_20220113232339.py", "Python", 0, 0, 0, 0, 0, 0, 0, -1, -1
"c:\Users\shado\Desktop\Desktop\Documents\ComputerProgramme\Code\WebBackend\.history\Model\TyperaModel_20220113233341.py", "Python", 0, 0, 0, 0, 0, 0, -12, -1, -13
"c:\Users\shado\Desktop\Desktop\Documents\ComputerProgramme\Code\WebBackend\.history\Model\TyperaModel_20220114012912.py", "Python", -14, 0, 0, 0, 0, 0, -12, -2, -28
"c:\Users\shado\Desktop\Desktop\Documents\ComputerProgramme\Code\WebBackend\.history\Model\TyperaModel_20220114015337.py", "Python", -24, 0, 0, 0, 0, 0, -12, -3, -39
"c:\Users\shado\Desktop\Desktop\Documents\ComputerProgramme\Code\WebBackend\.history\Model\TyperaModel_20220114020901.py", "Python", -25, 0, 0, 0, 0, 0, -12, -3, -40
"c:\Users\shado\Desktop\Desktop\Documents\ComputerProgramme\Code\WebBackend\.history\Model\UserModel_20220113232353.py", "Python", 0, 0, 0, 0, 0, 0, 0, -1, -1
"c:\Users\shado\Desktop\Desktop\Documents\ComputerProgramme\Code\WebBackend\.history\Model\UserModel_20220113233355.py", "Python", -32, 0, 0, 0, 0, 0, -12, -2, -46
"c:\Users\shado\Desktop\Desktop\Documents\ComputerProgramme\Code\WebBackend\.history\Model\UserModel_20220113234443.py", "Python", -45, 0, 0, 0, 0, 0, -12, -4, -61
"c:\Users\shado\Desktop\Desktop\Documents\ComputerProgramme\Code\WebBackend\.history\Model\UserModel_20220114001115.py", "Python", -45, 0, 0, 0, 0, 0, -12, -4, -61
"c:\Users\shado\Desktop\Desktop\Documents\ComputerProgramme\Code\WebBackend\.history\Model\UserModel_20220114005336.py", "Python", -45, 0, 0, 0, 0, 0, -12, -8, -65
"c:\Users\shado\Desktop\Desktop\Documents\ComputerProgramme\Code\WebBackend\.history\Model\UserModel_20220114012346.py", "Python", -72, 0, 0, 0, 0, 0, -12, -23, -107
"c:\Users\shado\Desktop\Desktop\Documents\ComputerProgramme\Code\WebBackend\.history\Model\UserModel_20220114013348.py", "Python", -74, 0, 0, 0, 0, 0, -12, -22, -108
"c:\Users\shado\Desktop\Desktop\Documents\ComputerProgramme\Code\WebBackend\.history\Model\UserModel_20220114014820.py", "Python", -74, 0, 0, 0, 0, 0, -12, -22, -108
"c:\Users\shado\Desktop\Desktop\Documents\ComputerProgramme\Code\WebBackend\.history\Model\UserModel_20220114020900.py", "Python", -75, 0, 0, 0, 0, 0, -12, -22, -109
"c:\Users\shado\Desktop\Desktop\Documents\ComputerProgramme\Code\WebBackend\.history\Model\__init__ _20220114004635.py", "Python", -10, 0, 0, 0, 0, 0, 0, -1, -11
"c:\Users\shado\Desktop\Desktop\Documents\ComputerProgramme\Code\WebBackend\.history\Model\__init__ _20220114023042.py", "Python", -11, 0, 0, 0, 0, 0, -12, -1, -24
"c:\Users\shado\Desktop\Desktop\Documents\ComputerProgramme\Code\WebBackend\.history\Model\__init__ _20220114170848.py", "Python", -11, 0, 0, 0, 0, 0, -12, -1, -24
"c:\Users\shado\Desktop\Desktop\Documents\ComputerProgramme\Code\WebBackend\.history\Model\__init__ _20220114172106.py", "Python", -11, 0, 0, 0, 0, 0, -12, -1, -24
"c:\Users\shado\Desktop\Desktop\Documents\ComputerProgramme\Code\WebBackend\.history\Model\__init___20220113153444.py", "Python", 0, 0, 0, 0, 0, 0, 0, -1, -1
"c:\Users\shado\Desktop\Desktop\Documents\ComputerProgramme\Code\WebBackend\.history\Model\__init___20220113154447.py", "Python", 0, 0, 0, 0, 0, 0, -12, -1, -13
"c:\Users\shado\Desktop\Desktop\Documents\ComputerProgramme\Code\WebBackend\.history\Model\main_20220114203451.py", "Python", 0, 0, 0, 0, 0, 0, 0, -1, -1
"c:\Users\shado\Desktop\Desktop\Documents\ComputerProgramme\Code\WebBackend\.history\Model\orm_20220113153500.py", "Python", 0, 0, 0, 0, 0, 0, 0, -1, -1
"c:\Users\shado\Desktop\Desktop\Documents\ComputerProgramme\Code\WebBackend\.history\Model\orm_20220113154502.py", "Python", 0, 0, 0, 0, 0, 0, -12, -1, -13
"c:\Users\shado\Desktop\Desktop\Documents\ComputerProgramme\Code\WebBackend\.history\Model\orm_20220114012902.py", "Python", -14, 0, 0, 0, 0, 0, -12, -2, -28
"c:\Users\shado\Desktop\Desktop\Documents\ComputerProgramme\Code\WebBackend\.history\Model\orm_20220114020902.py", "Python", -15, 0, 0, 0, 0, 0, -12, -2, -29
"c:\Users\shado\Desktop\Desktop\Documents\ComputerProgramme\Code\WebBackend\.history\Service\__init___20220113153515.py", "Python", 0, 0, 0, 0, 0, 0, 0, -1, -1
"c:\Users\shado\Desktop\Desktop\Documents\ComputerProgramme\Code\WebBackend\.history\Service\__init___20220113154516.py", "Python", 0, 0, 0, 0, 0, 0, -12, -1, -13
"c:\Users\shado\Desktop\Desktop\Documents\ComputerProgramme\Code\WebBackend\.history\alembic\env_20220113232604.py", "Python", -33, 0, 0, 0, 0, 0, -29, -16, -78
"c:\Users\shado\Desktop\Desktop\Documents\ComputerProgramme\Code\WebBackend\.history\alembic\env_20220113233839.py", "Python", -39, 0, 0, 0, 0, 0, -41, -15, -95
"c:\Users\shado\Desktop\Desktop\Documents\ComputerProgramme\Code\WebBackend\.history\alembic\env_20220114203550.py", "Python", -39, 0, 0, 0, 0, 0, -41, -15, -95
"c:\Users\shado\Desktop\Desktop\Documents\ComputerProgramme\Code\WebBackend\.history\alembic\env_20220114211542.py", "Python", -39, 0, 0, 0, 0, 0, -41, -15, -95
"c:\Users\shado\Desktop\Desktop\Documents\ComputerProgramme\Code\WebBackend\.history\alembic\env_20220114212853.py", "Python", -38, 0, 0, 0, 0, 0, -41, -15, -94
"c:\Users\shado\Desktop\Desktop\Documents\ComputerProgramme\Code\WebBackend\.history\alembic_20220113232604.ini", "Ini", 0, 0, 0, 0, 0, -78, 0, -23, -101
"c:\Users\shado\Desktop\Desktop\Documents\ComputerProgramme\Code\WebBackend\.history\alembic_20220114171155.ini", "Ini", 0, 0, 0, 0, 0, -79, 0, -23, -102
"c:\Users\shado\Desktop\Desktop\Documents\ComputerProgramme\Code\WebBackend\.history\database_20220113210410.py", "Python", -218, 0, 0, 0, 0, 0, -1, -28, -247
"c:\Users\shado\Desktop\Desktop\Documents\ComputerProgramme\Code\WebBackend\.history\database_20220113215757.py", "Python", -218, 0, 0, 0, 0, 0, -13, -28, -259
"c:\Users\shado\Desktop\Desktop\Documents\ComputerProgramme\Code\WebBackend\.history\main_20220113153629.py", "Python", 0, 0, 0, 0, 0, 0, 0, -1, -1
"c:\Users\shado\Desktop\Desktop\Documents\ComputerProgramme\Code\WebBackend\.history\main_20220113154631.py", "Python", 0, 0, 0, 0, 0, 0, -12, -1, -13
"c:\Users\shado\Desktop\Desktop\Documents\ComputerProgramme\Code\WebBackend\.history\src\Api\ModelUser_20220114164711.py", "Python", -59, 0, 0, 0, 0, 0, -12, -26, -97
"c:\Users\shado\Desktop\Desktop\Documents\ComputerProgramme\Code\WebBackend\.history\src\Api\ModelUser_20220114212857.py", "Python", -58, 0, 0, 0, 0, 0, -12, -26, -96
"c:\Users\shado\Desktop\Desktop\Documents\ComputerProgramme\Code\WebBackend\.history\src\Api\Public_20220114163541.py", "Python", -80, 0, 0, 0, 0, 0, -13, -12, -105
"c:\Users\shado\Desktop\Desktop\Documents\ComputerProgramme\Code\WebBackend\.history\src\Api\Public_20220116144309.py", "Python", -80, 0, 0, 0, 0, 0, -13, -11, -104
"c:\Users\shado\Desktop\Desktop\Documents\ComputerProgramme\Code\WebBackend\.history\src\Api\run_20220121210352.py", "Python", -58, 0, 0, 0, 0, 0, 0, -14, -72
"c:\Users\shado\Desktop\Desktop\Documents\ComputerProgramme\Code\WebBackend\.history\src\Api\run_20220122105638.py", "Python", -58, 0, 0, 0, 0, 0, -12, -15, -85
"c:\Users\shado\Desktop\Desktop\Documents\ComputerProgramme\Code\WebBackend\.history\src\Api\test_20220121210022.py", "Python", -15, 0, 0, 0, 0, 0, -12, -5, -32
"c:\Users\shado\Desktop\Desktop\Documents\ComputerProgramme\Code\WebBackend\.history\src\Api\test_20220122115550.py", "Python", -15, 0, 0, 0, 0, 0, -12, -2, -29
"c:\Users\shado\Desktop\Desktop\Documents\ComputerProgramme\Code\WebBackend\.history\src\Core\Settings_20220114203527.py", "Python", -11, 0, 0, 0, 0, 0, -13, -2, -26
"c:\Users\shado\Desktop\Desktop\Documents\ComputerProgramme\Code\WebBackend\.history\src\Core\Settings_20220114204821.py", "Python", -11, 0, 0, 0, 0, 0, -13, -2, -26
"c:\Users\shado\Desktop\Desktop\Documents\ComputerProgramme\Code\WebBackend\.history\src\Core\Settings_20220114205848.py", "Python", -9, 0, 0, 0, 0, 0, -13, -4, -26
"c:\Users\shado\Desktop\Desktop\Documents\ComputerProgramme\Code\WebBackend\.history\src\Core\Settings_20220114210937.py", "Python", -12, 0, 0, 0, 0, 0, -13, -4, -29
"c:\Users\shado\Desktop\Desktop\Documents\ComputerProgramme\Code\WebBackend\.history\src\Core\Settings_20220114212925.py", "Python", -16, 0, 0, 0, 0, 0, -13, -4, -33
"c:\Users\shado\Desktop\Desktop\Documents\ComputerProgramme\Code\WebBackend\.history\src\Core\Settings_20220114213925.py", "Python", -19, 0, 0, 0, 0, 0, -13, -4, -36
"c:\Users\shado\Desktop\Desktop\Documents\ComputerProgramme\Code\WebBackend\.history\src\Core\Settings_20220122115152.py", "Python", -16, 0, 0, 0, 0, 0, -13, -4, -33
"c:\Users\shado\Desktop\Desktop\Documents\ComputerProgramme\Code\WebBackend\.history\src\Core\__init___20220114204119.py", "Python", 0, 0, 0, 0, 0, 0, 0, -1, -1
"c:\Users\shado\Desktop\Desktop\Documents\ComputerProgramme\Code\WebBackend\.history\src\Core\__init___20220114205122.py", "Python", -7, 0, 0, 0, 0, 0, -12, -1, -20
"c:\Users\shado\Desktop\Desktop\Documents\ComputerProgramme\Code\WebBackend\.history\src\Core\__init___20220114210356.py", "Python", -3, 0, 0, 0, 0, 0, -12, -1, -16
"c:\Users\shado\Desktop\Desktop\Documents\ComputerProgramme\Code\WebBackend\.history\src\Core\__init___20220122115142.py", "Python", 0, 0, 0, 0, 0, 0, -12, -1, -13
"c:\Users\shado\Desktop\Desktop\Documents\ComputerProgramme\Code\WebBackend\.history\src\Model\ModelCoursePlan_20220114130129.py", "Python", -37, 0, 0, 0, 0, 0, -12, -2, -51
"c:\Users\shado\Desktop\Desktop\Documents\ComputerProgramme\Code\WebBackend\.history\src\Model\ModelCoursePlan_20220115025900.py", "Python", -37, 0, 0, 0, 0, 0, -12, -2, -51
"c:\Users\shado\Desktop\Desktop\Documents\ComputerProgramme\Code\WebBackend\.history\src\Model\ModelCoursePlan_20220115233457.py", "Python", -39, 0, 0, 0, 0, 0, -12, -3, -54
"c:\Users\shado\Desktop\Desktop\Documents\ComputerProgramme\Code\WebBackend\.history\src\Model\ModelCoursePlan_20220116092134.py", "Python", -39, 0, 0, 0, 0, 0, -12, -3, -54
"c:\Users\shado\Desktop\Desktop\Documents\ComputerProgramme\Code\WebBackend\.history\src\Model\ModelCoursePlan_20220116101923.py", "Python", -39, 0, 0, 0, 0, 0, -12, -3, -54
"c:\Users\shado\Desktop\Desktop\Documents\ComputerProgramme\Code\WebBackend\.history\src\Model\ModelCoursePlan_20220116103416.py", "Python", -39, 0, 0, 0, 0, 0, -12, -3, -54
"c:\Users\shado\Desktop\Desktop\Documents\ComputerProgramme\Code\WebBackend\.history\src\Model\ModelCoursePlan_20220116105048.py", "Python", -39, 0, 0, 0, 0, 0, -12, -3, -54
"c:\Users\shado\Desktop\Desktop\Documents\ComputerProgramme\Code\WebBackend\.history\src\Model\ModelCoursePlan_20220116110227.py", "Python", -39, 0, 0, 0, 0, 0, -12, -3, -54
"c:\Users\shado\Desktop\Desktop\Documents\ComputerProgramme\Code\WebBackend\.history\src\Model\ModelCoursePlan_20220116111229.py", "Python", -39, 0, 0, 0, 0, 0, -12, -3, -54
"c:\Users\shado\Desktop\Desktop\Documents\ComputerProgramme\Code\WebBackend\.history\src\Model\ModelCoursePlan_20220116112500.py", "Python", -39, 0, 0, 0, 0, 0, -12, -3, -54
"c:\Users\shado\Desktop\Desktop\Documents\ComputerProgramme\Code\WebBackend\.history\src\Model\ModelCoursePlan_20220116115451.py", "Python", -40, 0, 0, 0, 0, 0, -12, -2, -54
"c:\Users\shado\Desktop\Desktop\Documents\ComputerProgramme\Code\WebBackend\.history\src\Model\ModelCoursePlan_20220116121235.py", "Python", -40, 0, 0, 0, 0, 0, -12, -2, -54
"c:\Users\shado\Desktop\Desktop\Documents\ComputerProgramme\Code\WebBackend\.history\src\Model\ModelCoursePlan_20220116122636.py", "Python", -40, 0, 0, 0, 0, 0, -12, -2, -54
"c:\Users\shado\Desktop\Desktop\Documents\ComputerProgramme\Code\WebBackend\.history\src\Model\ModelCoursePlan_20220116144314.py", "Python", -38, 0, 0, 0, 0, 0, -12, -2, -52
"c:\Users\shado\Desktop\Desktop\Documents\ComputerProgramme\Code\WebBackend\.history\src\Model\ModelCurricula_20220114130458.py", "Python", -37, 0, 0, 0, 0, 0, -12, -3, -52
"c:\Users\shado\Desktop\Desktop\Documents\ComputerProgramme\Code\WebBackend\.history\src\Model\ModelCurricula_20220116112712.py", "Python", -36, 0, 0, 0, 0, 0, -12, -3, -51
"c:\Users\shado\Desktop\Desktop\Documents\ComputerProgramme\Code\WebBackend\.history\src\Model\ModelCurricula_20220116120618.py", "Python", -37, 0, 0, 0, 0, 0, -12, -2, -51
"c:\Users\shado\Desktop\Desktop\Documents\ComputerProgramme\Code\WebBackend\.history\src\Model\ModelCurricula_20220116123146.py", "Python", -37, 0, 0, 0, 0, 0, -12, -2, -51
"c:\Users\shado\Desktop\Desktop\Documents\ComputerProgramme\Code\WebBackend\.history\src\Model\ModelCurricula_20220116144316.py", "Python", -37, 0, 0, 0, 0, 0, -12, -2, -51
"c:\Users\shado\Desktop\Desktop\Documents\ComputerProgramme\Code\WebBackend\.history\src\Model\ModelDepartment_20220114130557.py", "Python", -18, 0, 0, 0, 0, 0, -12, -5, -35
"c:\Users\shado\Desktop\Desktop\Documents\ComputerProgramme\Code\WebBackend\.history\src\Model\ModelDepartment_20220116113537.py", "Python", -18, 0, 0, 0, 0, 0, -12, -5, -35
"c:\Users\shado\Desktop\Desktop\Documents\ComputerProgramme\Code\WebBackend\.history\src\Model\ModelDepartment_20220116122411.py", "Python", -19, 0, 0, 0, 0, 0, -12, -5, -36
"c:\Users\shado\Desktop\Desktop\Documents\ComputerProgramme\Code\WebBackend\.history\src\Model\ModelDepartment_20220116123624.py", "Python", -19, 0, 0, 0, 0, 0, -12, -5, -36
"c:\Users\shado\Desktop\Desktop\Documents\ComputerProgramme\Code\WebBackend\.history\src\Model\ModelDepartment_20220116144318.py", "Python", -18, 0, 0, 0, 0, 0, -12, -5, -35
"c:\Users\shado\Desktop\Desktop\Documents\ComputerProgramme\Code\WebBackend\.history\src\Model\ModelEquipment_20220114130913.py", "Python", -42, 0, 0, 0, 0, 0, -12, -4, -58
"c:\Users\shado\Desktop\Desktop\Documents\ComputerProgramme\Code\WebBackend\.history\src\Model\ModelEquipment_20220116124524.py", "Python", -43, 0, 0, 0, 0, 0, -12, -4, -59
"c:\Users\shado\Desktop\Desktop\Documents\ComputerProgramme\Code\WebBackend\.history\src\Model\ModelEquipment_20220116134601.py", "Python", -44, 0, 0, 0, 0, 0, -12, -4, -60
"c:\Users\shado\Desktop\Desktop\Documents\ComputerProgramme\Code\WebBackend\.history\src\Model\ModelEquipment_20220116140217.py", "Python", -44, 0, 0, 0, 0, 0, -12, -4, -60
"c:\Users\shado\Desktop\Desktop\Documents\ComputerProgramme\Code\WebBackend\.history\src\Model\ModelEquipment_20220116142957.py", "Python", -44, 0, 0, 0, 0, 0, -12, -4, -60
"c:\Users\shado\Desktop\Desktop\Documents\ComputerProgramme\Code\WebBackend\.history\src\Model\ModelEquipment_20220116144239.py", "Python", -42, 0, 0, 0, 0, 0, -12, -4, -58
"c:\Users\shado\Desktop\Desktop\Documents\ComputerProgramme\Code\WebBackend\.history\src\Model\ModelEquipment_20220116145440.py", "Python", -42, 0, 0, 0, 0, 0, -12, -4, -58
"c:\Users\shado\Desktop\Desktop\Documents\ComputerProgramme\Code\WebBackend\.history\src\Model\ModelLocation_20220117195413.py", "Python", -45, 0, 0, 0, 0, 0, -12, -7, -64
"c:\Users\shado\Desktop\Desktop\Documents\ComputerProgramme\Code\WebBackend\.history\src\Model\ModelMmx_20220114132905.py", "Python", -21, 0, 0, 0, 0, 0, -12, -7, -40
"c:\Users\shado\Desktop\Desktop\Documents\ComputerProgramme\Code\WebBackend\.history\src\Model\ModelMmx_20220114212821.py", "Python", -21, 0, 0, 0, 0, 0, -12, -7, -40
"c:\Users\shado\Desktop\Desktop\Documents\ComputerProgramme\Code\WebBackend\.history\src\Model\ModelRunningAccount_20220114131610.py", "Python", -22, 0, 0, 0, 0, 0, -12, -3, -37
"c:\Users\shado\Desktop\Desktop\Documents\ComputerProgramme\Code\WebBackend\.history\src\Model\ModelRunningAccount_20220115025600.py", "Python", -22, 0, 0, 0, 0, 0, -12, -3, -37
"c:\Users\shado\Desktop\Desktop\Documents\ComputerProgramme\Code\WebBackend\.history\src\Model\ModelRunningAccount_20220122105434.py", "Python", -22, 0, 0, 0, 0, 0, -12, -3, -37
"c:\Users\shado\Desktop\Desktop\Documents\ComputerProgramme\Code\WebBackend\.history\src\Model\ModelTableInformation_20220114131719.py", "Python", -18, 0, 0, 0, 0, 0, -12, -5, -35
"c:\Users\shado\Desktop\Desktop\Documents\ComputerProgramme\Code\WebBackend\.history\src\Model\ModelTypera_20220117195253.py", "Python", -18, 0, 0, 0, 0, 0, -12, -5, -35
"c:\Users\shado\Desktop\Desktop\Documents\ComputerProgramme\Code\WebBackend\.history\src\Model\ModelUser_20220114163603.py", "Python", -59, 0, 0, 0, 0, 0, -12, -26, -97
"c:\Users\shado\Desktop\Desktop\Documents\ComputerProgramme\Code\WebBackend\.history\src\Model\ModelUser_20220114211409.py", "Python", -58, 0, 0, 0, 0, 0, -12, -24, -94
"c:\Users\shado\Desktop\Desktop\Documents\ComputerProgramme\Code\WebBackend\.history\src\Model\ModelUser_20220114212903.py", "Python", -57, 0, 0, 0, 0, 0, -12, -24, -93
"c:\Users\shado\Desktop\Desktop\Documents\ComputerProgramme\Code\WebBackend\.history\src\Model\ModelUser_20220114215253.py", "Python", -57, 0, 0, 0, 0, 0, -12, -24, -93
"c:\Users\shado\Desktop\Desktop\Documents\ComputerProgramme\Code\WebBackend\.history\src\Model\Public_20220114165806.py", "Python", -78, 0, 0, 0, 0, 0, -12, -10, -100
"c:\Users\shado\Desktop\Desktop\Documents\ComputerProgramme\Code\WebBackend\.history\src\Model\Public_20220114211806.py", "Python", -78, 0, 0, 0, 0, 0, -12, -9, -99
"c:\Users\shado\Desktop\Desktop\Documents\ComputerProgramme\Code\WebBackend\.history\src\Model\Public_20220114215423.py", "Python", -77, 0, 0, 0, 0, 0, -12, -9, -98
"c:\Users\shado\Desktop\Desktop\Documents\ComputerProgramme\Code\WebBackend\.history\src\Model\Public_20220115235015.py", "Python", -81, 0, 0, 0, 0, 0, -12, -8, -101
"c:\Users\shado\Desktop\Desktop\Documents\ComputerProgramme\Code\WebBackend\.history\src\Model\Public_20220116000153.py", "Python", -83, 0, 0, 0, 0, 0, -12, -7, -102
"c:\Users\shado\Desktop\Desktop\Documents\ComputerProgramme\Code\WebBackend\.history\src\Model\Public_20220116001159.py", "Python", -83, 0, 0, 0, 0, 0, -12, -7, -102
"c:\Users\shado\Desktop\Desktop\Documents\ComputerProgramme\Code\WebBackend\.history\src\Model\Public_20220116122512.py", "Python", -85, 0, 0, 0, 0, 0, -12, -7, -104
"c:\Users\shado\Desktop\Desktop\Documents\ComputerProgramme\Code\WebBackend\.history\src\Model\Public_20220116144322.py", "Python", -85, 0, 0, 0, 0, 0, -12, -7, -104
"c:\Users\shado\Desktop\Desktop\Documents\ComputerProgramme\Code\WebBackend\.history\src\Model\Public_20220122105407.py", "Python", -267, 0, 0, 0, 0, 0, -12, -34, -313
"c:\Users\shado\Desktop\Desktop\Documents\ComputerProgramme\Code\WebBackend\.history\src\Model\Public_20220122110742.py", "Python", -259, 0, 0, 0, 0, 0, -12, -32, -303
"c:\Users\shado\Desktop\Desktop\Documents\ComputerProgramme\Code\WebBackend\.history\src\Model\Public_20220122111753.py", "Python", -259, 0, 0, 0, 0, 0, -12, -32, -303
"c:\Users\shado\Desktop\Desktop\Documents\ComputerProgramme\Code\WebBackend\.history\src\Model\Public_20220122112836.py", "Python", -239, 0, 0, 0, 0, 0, -31, -29, -299
"c:\Users\shado\Desktop\Desktop\Documents\ComputerProgramme\Code\WebBackend\.history\src\Model\Public_20220122114027.py", "Python", -242, 0, 0, 0, 0, 0, -41, -28, -311
"c:\Users\shado\Desktop\Desktop\Documents\ComputerProgramme\Code\WebBackend\.history\src\Model\Public_20220122115222.py", "Python", -303, 0, 0, 0, 0, 0, -42, -50, -395
"c:\Users\shado\Desktop\Desktop\Documents\ComputerProgramme\Code\WebBackend\.history\src\Model\Public_20220122120224.py", "Python", -312, 0, 0, 0, 0, 0, -23, -50, -385
"c:\Users\shado\Desktop\Desktop\Documents\ComputerProgramme\Code\WebBackend\.history\src\Model\Public_20220122121225.py", "Python", -318, 0, 0, 0, 0, 0, -23, -48, -389
"c:\Users\shado\Desktop\Desktop\Documents\ComputerProgramme\Code\WebBackend\.history\src\Model\Public_20220122123053.py", "Python", -324, 0, 0, 0, 0, 0, -23, -48, -395
"c:\Users\shado\Desktop\Desktop\Documents\ComputerProgramme\Code\WebBackend\.history\src\Model\Public_20220122124507.py", "Python", -348, 0, 0, 0, 0, 0, -23, -48, -419
"c:\Users\shado\Desktop\Desktop\Documents\ComputerProgramme\Code\WebBackend\.history\src\Model\Public_20220122125725.py", "Python", -351, 0, 0, 0, 0, 0, -23, -48, -422
"c:\Users\shado\Desktop\Desktop\Documents\ComputerProgramme\Code\WebBackend\.history\src\Model\Session_20220114170056.py", "Python", -19, 0, 0, 0, 0, 0, -12, -3, -34
"c:\Users\shado\Desktop\Desktop\Documents\ComputerProgramme\Code\WebBackend\.history\src\Model\__init___20220114204110.py", "Python", 0, 0, 0, 0, 0, 0, 0, -1, -1
"c:\Users\shado\Desktop\Desktop\Documents\ComputerProgramme\Code\WebBackend\.history\src\Model\__init___20220114205112.py", "Python", 0, 0, 0, 0, 0, 0, -12, -1, -13
"c:\Users\shado\Desktop\Desktop\Documents\ComputerProgramme\Code\WebBackend\.history\src\Model\__init___20220114211303.py", "Python", -12, 0, 0, 0, 0, 0, -12, -1, -25
"c:\Users\shado\Desktop\Desktop\Documents\ComputerProgramme\Code\WebBackend\.history\src\__init___20220114204439.py", "Python", 0, 0, 0, 0, 0, 0, 0, -1, -1
"c:\Users\shado\Desktop\Desktop\Documents\ComputerProgramme\Code\WebBackend\.history\src\__init___20220114205441.py", "Python", 0, 0, 0, 0, 0, 0, -12, -1, -13
"c:\Users\shado\Desktop\Desktop\Documents\ComputerProgramme\Code\WebBackend\.history\src\__init___20220114210927.py", "Python", -3, 0, 0, 0, 0, 0, -12, -1, -16
"c:\Users\shado\Desktop\Desktop\Documents\ComputerProgramme\Code\WebBackend\.history\test_20220114010045.py", "Python", 0, 0, 0, 0, 0, 0, 0, -1, -1
"c:\Users\shado\Desktop\Desktop\Documents\ComputerProgramme\Code\WebBackend\.history\test_20220114011047.py", "Python", -2, 0, 0, 0, 0, 0, -12, -1, -15
"c:\Users\shado\Desktop\Desktop\Documents\ComputerProgramme\Code\WebBackend\alembic\versions\90c8fcbf3638_init.py", "Python", 658, 0, 0, 0, 0, 0, 12, 7, 677
"c:\Users\shado\Desktop\Desktop\Documents\ComputerProgramme\Code\WebBackend\alembic\versions\9e02df0b02ea_update.py", "Python", 12, 0, 0, 0, 0, 0, 12, 7, 31
"c:\Users\shado\Desktop\Desktop\Documents\ComputerProgramme\Code\WebBackend\alembic\versions\BackUp\Mysql\dc50e1f2513e_init.py", "Python", 661, 0, 0, 0, 0, 0, 12, 7, 680
"c:\Users\shado\Desktop\Desktop\Documents\ComputerProgramme\Code\WebBackend\alembic\versions\dc50e1f2513e_init.py", "Python", -661, 0, 0, 0, 0, 0, -12, -7, -680
"c:\Users\shado\Desktop\Desktop\Documents\ComputerProgramme\Code\WebBackend\src\Api\__init__.py", "Python", 3, 0, 0, 0, 0, 0, 0, 1, 4
"c:\Users\shado\Desktop\Desktop\Documents\ComputerProgramme\Code\WebBackend\src\Api\test.py", "Python", -2, 0, 0, 0, 0, 0, 0, 5, 3
"c:\Users\shado\Desktop\Desktop\Documents\ComputerProgramme\Code\WebBackend\src\Model\ModelCurricula.py", "Python", 1, 0, 0, 0, 0, 0, 0, -1, 0
"c:\Users\shado\Desktop\Desktop\Documents\ComputerProgramme\Code\WebBackend\src\Model\ModelPublic.py", "Python", 114, 0, 0, 0, 0, 0, 12, 14, 140
"c:\Users\shado\Desktop\Desktop\Documents\ComputerProgramme\Code\WebBackend\src\Model\ModelUser.py", "Python", -1, 0, 0, 0, 0, 0, 0, 1, 0
"c:\Users\shado\Desktop\Desktop\Documents\ComputerProgramme\Code\WebBackend\src\Model\ORM.py", "Python", 439, 0, 0, 0, 0, 0, 166, 35, 640
"c:\Users\shado\Desktop\Desktop\Documents\ComputerProgramme\Code\WebBackend\src\Model\Public.py", "Python", -351, 0, 0, 0, 0, 0, -23, -52, -426
"c:\Users\shado\Desktop\Desktop\Documents\ComputerProgramme\Code\WebBackend\src\Model\Test.py", "Python", 9, 0, 0, 0, 0, 0, 12, 2, 23
"c:\Users\shado\Desktop\Desktop\Documents\ComputerProgramme\Code\WebBackend\src\Model\__init__.py", "Python", 3, 0, 0, 0, 0, 0, 0, 0, 3
"c:\Users\shado\Desktop\Desktop\Documents\ComputerProgramme\Code\WebBackend\src\Service\Test.py", "Python", 0, 0, 0, 0, 0, 0, 11, 1, 12
"c:\Users\shado\Desktop\Desktop\Documents\ComputerProgramme\Code\WebBackend\test.py", "Python", -2, 0, 0, 0, 0, 0, -12, -1, -15
"Total", "-", -8887, 413, 331, 409, 1, -157, -2436, -1692, -12018